threshold,accuracy,specificity,precision,recall,f1,true_negatives,false_positives,false_negatives,true_positives
0.5,0.6316666666666667,0.7818696883852692,0.5722222222222222,0.41700404858299595,0.48243559718969553,276,77,144,103
0.3,0.5783333333333334,0.43342776203966005,0.49238578680203043,0.7854251012145749,0.6053042121684867,153,200,53,194
