feature,test,mean_readmit,mean_no,stat,p_raw,p_adj,significant
adherence_score,welch_t,0.6592949756888168,0.7273839184597961,-10.68326443519117,4.3340200266416715e-26,3.9006180239775048e-25,True
bnp,welch_t,451.1304700162075,374.9881087202718,8.859777047670121,1.4697155207045779e-18,6.613719843170601e-18,True
age,welch_t,66.87520259319287,64.12174405436014,5.023715032356818,5.406868418327806e-07,1.622060525498342e-06,True
distance_to_hospital_km,welch_t,26.533549432739058,24.607134767836918,3.698487883692434,0.00022120402170076466,0.0004977090488267205,True
sodium,welch_t,137.84309484193014,138.26241217798596,-2.735443968092254,0.006273937996124328,0.01129308839302379,True
creatinine,welch_t,1.233894472361809,1.1899525785417902,2.4349213618955976,0.014964053485683401,0.022446080228525102,True
systolic_bp,welch_t,130.43841166936792,128.99490373725934,1.939316362474496,0.0525654612912962,0.06758416451738083,False
bmi,welch_t,28.290384615384617,28.00332943925234,1.546581131835408,0.12208717323192136,0.13734806988591156,False
heart_rate,welch_t,79.17923763179238,79.55750708215298,-0.6701922115401746,0.5027936703901511,0.5027936703901511,False
