threshold,accuracy,specificity,precision,recall,f1,predicted_positive_rate
0.3,0.5520833333333334,0.36395759717314485,0.47368421052631576,0.8223350253807107,0.601113172541744,0.7125
0.4,0.59375,0.5936395759717314,0.5043103448275862,0.5939086294416244,0.5454545454545454,0.48333333333333334
0.5,0.63125,0.8021201413427562,0.5757575757575758,0.38578680203045684,0.46200607902735563,0.275
0.6,0.6229166666666667,0.911660777385159,0.6212121212121212,0.20812182741116753,0.311787072243346,0.1375
0.7,0.60625,0.9787985865724381,0.7,0.07106598984771574,0.12903225806451613,0.041666666666666664
