readmitted_30d,proportion
0,0.5886666666666667
1,0.41133333333333333
