threshold,accuracy,specificity,precision,recall,f1
0.3,0.5645833333333333,0.35335689045936397,0.4830508474576271,0.868020304568528,0.6206896551724138
0.4,0.6041666666666666,0.5406360424028268,0.5131086142322098,0.6954314720812182,0.5905172413793104
0.5,0.6291666666666667,0.773851590106007,0.564625850340136,0.4213197969543147,0.48255813953488375
0.6,0.6229166666666667,0.9434628975265018,0.6666666666666666,0.16243654822335024,0.2612244897959184
0.7,0.6020833333333333,1.0,1.0,0.030456852791878174,0.059113300492610835
