threshold,accuracy,specificity,precision,recall,f1,predicted_positive_rate
0.3,0.5708333333333333,0.40636042402826855,0.48623853211009177,0.8071065989847716,0.6068702290076335,0.68125
0.4,0.6,0.5724381625441696,0.5101214574898786,0.6395939086294417,0.5675675675675675,0.5145833333333333
0.5,0.61875,0.7208480565371025,0.5406976744186046,0.4720812182741117,0.5040650406504065,0.35833333333333334
0.6,0.6604166666666667,0.9045936395759717,0.6931818181818182,0.3096446700507614,0.4280701754385965,0.18333333333333332
0.7,0.6104166666666667,0.9787985865724381,0.7272727272727273,0.08121827411167512,0.1461187214611872,0.04583333333333333
