threshold,accuracy,specificity,precision,recall,f1
0.5,0.6283333333333333,0.8016997167138811,0.573170731707317,0.3805668016194332,0.45742092457420924
0.3,0.5716666666666667,0.37393767705382436,0.48842592592592593,0.854251012145749,0.6215022091310751
