threshold,accuracy,specificity,precision,recall,f1,true_negatives,false_positives,false_negatives,true_positives
0.5,0.6283333333333333,0.7932011331444759,0.5705882352941176,0.39271255060728744,0.46522781774580335,280,73,150,97
0.4,0.6366666666666667,0.5949008498583569,0.546031746031746,0.6963562753036437,0.6120996441281139,210,143,75,172
