feature,auroc_drop
adherence_score,0.08523815531419512
bnp,0.04263284054546903
age,0.014762991593168906
creatinine,0.01180855822275224
ace_inhibitor,0.010896766868139928
sodium,0.009466573384867605
systolic_bp,0.003849021114564455
beta_blocker,0.0035038019979125035
distance_to_hospital_km,0.003054214311109982
heart_rate,0.0015964950510946262
diuretic,-3.784794302175154e-05
income_level,-0.00022708765812995413
gender,-0.0015322682386944674
bmi,-0.006343544631900189
