dataset,rows,readmission_rate
train,2400,0.41125
test,600,0.4116666666666667
