,readmit=0,readmit=1
ace=0,-2.3649817553877965,2.829212475837476
ace=1,2.2646264443467423,-2.7091580621545495
