feature,chi2,dof,p_raw,p_adj,significant
ace_inhibitor,25.68782118478863,1,4.013519250038958e-07,2.0067596250194788e-06,True
beta_blocker,21.588791857178656,1,3.378202191752836e-06,8.445505479382089e-06,True
diuretic,0.6756078310308793,1,0.41110326713532885,0.6851721118922148,False
gender,0.00024130399860559058,1,0.9876061894045987,0.9876061894045987,False
income_level,0.4508529523738326,2,0.7981757432147262,0.9876061894045987,False
