feature,chi2,dof,cramers_v,p_raw,p_adj,significant
ace_inhibitor,25.68782118478863,1,0.09253435611488421,4.0135192500389564e-07,2.006759625019478e-06,True
beta_blocker,21.588791857178656,1,0.08483079601414151,3.3782021917528354e-06,8.445505479382087e-06,True
diuretic,0.6756078310308793,1,0.015006752158399446,0.41110326713532885,0.6851721118922148,False
income_level,0.4508529523738326,2,0.012259050430516394,0.7981757432147262,0.9876061894045987,False
gender,0.00024130399860559058,1,0.00028361006012104633,0.9876061894045987,0.9876061894045987,False
